N,planar_reparam,cyclic_procrustes,SRQD,tPCA,pMMD
100,0.551522,0.210955,0.182397,0.047683,0.063768
250,1.623036,0.515990,0.752710,0.045248,0.104813
500,2.901753,1.019932,1.055065,0.056993,0.726756
750,3.923501,1.566904,1.294939,0.065772,2.016328
1000,5.377740,2.079436,1.611879,0.062383,3.882713
1500,7.726566,3.050141,2.740036,0.079354,9.430196
2000,10.069202,4.045475,3.449491,0.082951,17.605997
